{
    "logistic_regression": {
        "accuracy": 0.64142,
        "precision": 0.6389852400022745,
        "recall": 0.7425402369377448,
        "f1_score": 0.6868816528261685,
        "mcc": 0.277100109915211,
        "specificity": 0.527539467389571,
        "sensitivity": 0.7425402369377448,
        "g_mean": 0.6258748126498332,
        "auc_roc": 0.6850193883063064,
        "auc_pr": 0.6831639757433208,
        "true_positives": 78661,
        "true_negatives": 49623,
        "false_positives": 44442,
        "false_negatives": 27274
    },
    "random_forest": {
        "accuracy": 0.731805,
        "precision": 0.7419945951949062,
        "recall": 0.756822579883891,
        "f1_score": 0.7493352399912144,
        "mcc": 0.4611386981510937,
        "specificity": 0.7036304682932015,
        "sensitivity": 0.756822579883891,
        "g_mean": 0.7297420272250812,
        "auc_roc": 0.8129828643334425,
        "auc_pr": 0.8286047522864733,
        "true_positives": 80174,
        "true_negatives": 66187,
        "false_positives": 27878,
        "false_negatives": 25761
    },
    "xgboost": {
        "accuracy": 0.7303,
        "precision": 0.7427562959297059,
        "recall": 0.7508755368858262,
        "f1_score": 0.7467938486959461,
        "mcc": 0.4583506838605746,
        "specificity": 0.7071280497528305,
        "sensitivity": 0.7508755368858262,
        "g_mean": 0.728673557915466,
        "auc_roc": 0.810895234368683,
        "auc_pr": 0.8264375847585188,
        "true_positives": 79544,
        "true_negatives": 66516,
        "false_positives": 27549,
        "false_negatives": 26391
    },
    "svm": {
        "accuracy": 0.534325,
        "precision": 0.6009559264283686,
        "recall": 0.35962618586869305,
        "f1_score": 0.4499760820650922,
        "mcc": 0.0972878836689622,
        "specificity": 0.7310689416892574,
        "sensitivity": 0.35962618586869305,
        "g_mean": 0.5127489981528678,
        "auc_roc": 0.5767112335751479,
        "auc_pr": 0.5905763473656002,
        "true_positives": 38097,
        "true_negatives": 68768,
        "false_positives": 25297,
        "false_negatives": 67838
    },
    "mlp": {
        "accuracy": 0.75458,
        "precision": 0.7643716111271287,
        "recall": 0.7758153584745363,
        "f1_score": 0.7700509706918521,
        "mcc": 0.5070235526116406,
        "specificity": 0.7306649657151969,
        "sensitivity": 0.7758153584745363,
        "g_mean": 0.7529017879518685,
        "auc_roc": 0.8378433788692049,
        "auc_pr": 0.8506113600326232,
        "true_positives": 82186,
        "true_negatives": 68730,
        "false_positives": 25335,
        "false_negatives": 23749
    }
}