{
    "baseline_batchnorm": {
        "accuracy": 0.75485,
        "precision": 0.7702272748857927,
        "recall": 0.7655449096143861,
        "f1_score": 0.7678789542953992,
        "mcc": 0.5081661100825188,
        "specificity": 0.7428055068303833,
        "sensitivity": 0.7655449096143861,
        "g_mean": 0.7540895003827689,
        "auc_roc": 0.8388906982204524,
        "auc_pr": 0.8521018170647396,
        "true_positives": 81098,
        "true_negatives": 69872,
        "false_positives": 24193,
        "false_negatives": 24837
    },
    "smote_batchnorm": {
        "accuracy": 0.754855,
        "precision": 0.7719548096039149,
        "recall": 0.7624014726011233,
        "f1_score": 0.7671484002108673,
        "mcc": 0.5084047058203465,
        "specificity": 0.7463562430234413,
        "sensitivity": 0.7624014726011233,
        "g_mean": 0.7543361974385914,
        "auc_roc": 0.8390877384293176,
        "auc_pr": 0.8521326932197213,
        "true_positives": 80765,
        "true_negatives": 70206,
        "false_positives": 23859,
        "false_negatives": 25170
    },
    "borderline_smote_batchnorm": {
        "accuracy": 0.75179,
        "precision": 0.7882651754898045,
        "recall": 0.7265492990985039,
        "f1_score": 0.756150037332495,
        "mcc": 0.506012614154578,
        "specificity": 0.7802158082177217,
        "sensitivity": 0.7265492990985039,
        "g_mean": 0.7529045414965687,
        "auc_roc": 0.8385005610926554,
        "auc_pr": 0.8518167798033973,
        "true_positives": 76967,
        "true_negatives": 73391,
        "false_positives": 20674,
        "false_negatives": 28968
    },
    "adasyn_batchnorm": {
        "accuracy": 0.75476,
        "precision": 0.771658882744525,
        "recall": 0.7626846651248407,
        "f1_score": 0.7671455292967081,
        "mcc": 0.5081859097756797,
        "specificity": 0.745835326635837,
        "sensitivity": 0.7626846651248407,
        "g_mean": 0.7542129449522392,
        "auc_roc": 0.8384787836332425,
        "auc_pr": 0.8517751362903395,
        "true_positives": 80795,
        "true_negatives": 70157,
        "false_positives": 23908,
        "false_negatives": 25140
    },
    "weighted_loss": {
        "accuracy": 0.753795,
        "precision": 0.7862465919418358,
        "recall": 0.7349978760560721,
        "f1_score": 0.7597589832410412,
        "mcc": 0.5090870040543028,
        "specificity": 0.7749641205549355,
        "sensitivity": 0.7349978760560721,
        "g_mean": 0.7547164915566238,
        "auc_roc": 0.8394861188434519,
        "auc_pr": 0.8530322743949206,
        "true_positives": 77862,
        "true_negatives": 72897,
        "false_positives": 21168,
        "false_negatives": 28073
    }
}